{"name":"t:sections.footer.name","type":"footer","sections":{"footer":{"type":"footer","blocks":{"f80d30c2-e467-43a2-9984-e4e447d7bf7d":{"type":"link_list","settings":{"heading":"","menu":"footer-short-menu"}},"30ada6a9-4857-4515-a72f-ddc1b39bc52b":{"type":"link_list","settings":{"heading":"","menu":"footer-long-menu"}},"c59132e5-89c1-4966-81d7-88594c3637c8":{"type":"big_heading","settings":{"big_heading":"","subtext":"","image":"shopify:\/\/shop_images\/bythlon-logo.svg"}}},"block_order":["f80d30c2-e467-43a2-9984-e4e447d7bf7d","30ada6a9-4857-4515-a72f-ddc1b39bc52b","c59132e5-89c1-4966-81d7-88594c3637c8"],"custom_css":[".footer__content-bottom {display: none;}",".footer__blocks-wrapper {column-gap: 0;}"],"settings":{"color_scheme":"accent-2","newsletter_enable":false,"newsletter_heading":"Subscribe to our emails","enable_follow_on_shop":false,"show_social":false,"enable_country_selector":false,"enable_language_selector":false,"payment_enable":false,"show_policy":false,"margin_top":0,"padding_top":36,"padding_bottom":36,"padding_top_mobile":6,"padding_bottom_mobile":24}}},"order":["footer"]}