{"sections":{"main":{"type":"main-article","blocks":{"title":{"type":"title","settings":{"blog_show_date":true,"blog_show_author":false}},"featured_image":{"type":"featured_image","settings":{"image_height":"adapt","enable_slider":true}},"share":{"type":"share","disabled":true,"settings":{"share_label":"Share"}},"content":{"type":"content","settings":{}}},"block_order":["title","featured_image","share","content"],"settings":{}},"related-articles":{"type":"related-blogs","custom_css":[],"settings":{"layout":"collage","show_image":false,"image_height":"medium","show_date":true,"show_author":false,"padding_top":0,"padding_bottom":0}}},"order":["main","related-articles"]}