{"sections":{"main":{"type":"main-blog","custom_css":["@media screen and (max-width: 750px) {.main-blog {padding-bottom: 60px; }}"],"settings":{"layout":"collage","show_image":false,"image_height":"medium","show_date":true,"show_author":false,"padding_top":64,"padding_bottom":0,"padding_top_mobile":36,"padding_bottom_mobile":36}},"77389a9a-dc17-472d-892d-4ce1de479fdc":{"type":"multicolumn","blocks":{"template--16120347754661__77389a9a-dc17-472d-892d-4ce1de479fdc-column-1":{"type":"column","settings":{"image":"shopify:\/\/shop_images\/Vector_17.png","title":"","text":"","link_label":"","link":"","unique_class":""}},"template--16120347754661__77389a9a-dc17-472d-892d-4ce1de479fdc-column-2":{"type":"column","settings":{"image":"shopify:\/\/shop_images\/Page-1.png","title":"","text":"","link_label":"","link":"","unique_class":"cycling-logo"}},"template--16120347754661__77389a9a-dc17-472d-892d-4ce1de479fdc-column-3":{"type":"column","settings":{"image":"shopify:\/\/shop_images\/Vector_18.png","title":"","text":"","link_label":"","link":"","unique_class":""}},"a43f3295-4bc3-47db-99e7-58062b3cc23b":{"type":"column","settings":{"image":"shopify:\/\/shop_images\/CN-logos-lower-case.png","title":"","text":"","link_label":"","link":"","unique_class":""}},"f6bd3f50-6faf-41f1-b339-018465a4af1d":{"type":"column","settings":{"image":"shopify:\/\/shop_images\/stw-text.png","title":"","text":"","link_label":"","link":"","unique_class":""}}},"block_order":["template--16120347754661__77389a9a-dc17-472d-892d-4ce1de479fdc-column-1","template--16120347754661__77389a9a-dc17-472d-892d-4ce1de479fdc-column-2","template--16120347754661__77389a9a-dc17-472d-892d-4ce1de479fdc-column-3","a43f3295-4bc3-47db-99e7-58062b3cc23b","f6bd3f50-6faf-41f1-b339-018465a4af1d"],"custom_css":[".multicolumn-list {align-items: center;}",".multicolumn-card__info {padding: 0;}",".slider-buttons {display: none;}",".cycling-logo .media {padding-bottom: 24.845878% !important;}","@media screen and (min-width: 749px) {.background-none .multicolumn-card__image-wrapper {margin-left: 3.5rem; margin-right: 3.5rem; }}","@media screen and (max-width: 749px) {.multicolumn-list__item {width: calc(80% - var(--grid-mobile-horizontal-spacing) - 3rem); max-width: calc(80% - var(--grid-mobile-horizontal-spacing) \/ 2); }}"],"settings":{"title":"","heading_size":"h1","image_width":"full","image_ratio":"adapt","columns_desktop":5,"column_alignment":"left","background_style":"none","button_label":"","button_link":"","color_scheme":"inverse","columns_mobile":"2","swipe_on_mobile":true,"padding_top":36,"padding_bottom":36,"padding_top_mobile":36,"padding_bottom_mobile":36}},"5ea338c8-c603-4f2b-bf93-ca232d8132c2":{"type":"newsletter","blocks":{"template--16120347754661__5ea338c8-c603-4f2b-bf93-ca232d8132c2-heading-1":{"type":"heading","settings":{"heading":"The Bythlon Club","heading_size":"h1"}},"template--16120347754661__5ea338c8-c603-4f2b-bf93-ca232d8132c2-paragraph-1":{"type":"paragraph","settings":{"text":"<p>Sign up for our monthly newsletter about cycling<\/p>"}},"template--16120347754661__5ea338c8-c603-4f2b-bf93-ca232d8132c2-email_form-1":{"type":"email_form","settings":{}}},"block_order":["template--16120347754661__5ea338c8-c603-4f2b-bf93-ca232d8132c2-heading-1","template--16120347754661__5ea338c8-c603-4f2b-bf93-ca232d8132c2-paragraph-1","template--16120347754661__5ea338c8-c603-4f2b-bf93-ca232d8132c2-email_form-1"],"settings":{"color_scheme":"background-2","full_width":false,"padding_top":40,"padding_bottom":52,"padding_top_mobile":36,"padding_bottom_mobile":36}}},"order":["main","77389a9a-dc17-472d-892d-4ce1de479fdc","5ea338c8-c603-4f2b-bf93-ca232d8132c2"]}