{"sections":{"banner":{"type":"main-collection-banner","settings":{"custom_name":"{{ collection.metafields.custom.custom_name.value }}","show_collection_description":true,"show_collection_image":false,"color_scheme":"scheme-4bab409f-848a-447f-aa42-f3ce1f1a73e4"}},"product-grid":{"type":"main-collection-product-grid","settings":{"products_per_page":16,"columns_desktop":3,"image_ratio":"adapt","image_shape":"default","show_secondary_image":false,"show_vendor":false,"show_rating":false,"enable_quick_add":false,"enable_filtering":false,"filter_type":"horizontal","enable_sorting":false,"columns_mobile":"1","padding_top":0,"padding_bottom":0}},"27d8d107-7061-44cf-a65f-be8bab329f98":{"type":"multicolumn","blocks":{"template--16120347820197__27d8d107-7061-44cf-a65f-be8bab329f98-column-1":{"type":"column","settings":{"image":"shopify:\/\/shop_images\/Vector_17.png","title":"","text":"","link_label":"","link":"","unique_class":""}},"template--16120347820197__27d8d107-7061-44cf-a65f-be8bab329f98-column-2":{"type":"column","settings":{"image":"shopify:\/\/shop_images\/Page-1.png","title":"","text":"","link_label":"","link":"","unique_class":"cycling-logo"}},"template--16120347820197__27d8d107-7061-44cf-a65f-be8bab329f98-column-3":{"type":"column","settings":{"image":"shopify:\/\/shop_images\/Vector_18.png","title":"","text":"","link_label":"","link":"","unique_class":""}},"38ad6692-661c-4785-8eed-65ea04f558b8":{"type":"column","settings":{"image":"shopify:\/\/shop_images\/CN-logos-lower-case.png","title":"","text":"","link_label":"","link":"","unique_class":""}},"4b114a55-1d83-4091-8f63-83ed17b72cba":{"type":"column","settings":{"image":"shopify:\/\/shop_images\/stw-text.png","title":"","text":"","link_label":"","link":"","unique_class":""}}},"block_order":["template--16120347820197__27d8d107-7061-44cf-a65f-be8bab329f98-column-1","template--16120347820197__27d8d107-7061-44cf-a65f-be8bab329f98-column-2","template--16120347820197__27d8d107-7061-44cf-a65f-be8bab329f98-column-3","38ad6692-661c-4785-8eed-65ea04f558b8","4b114a55-1d83-4091-8f63-83ed17b72cba"],"custom_css":[".multicolumn-list {align-items: center;}",".multicolumn-card__info {padding: 0;}",".slider-buttons {display: none;}",".cycling-logo .media {padding-bottom: 24.845878% !important;}","@media screen and (min-width: 749px) {.background-none .multicolumn-card__image-wrapper {margin-left: 3.5rem; margin-right: 3.5rem; }}","@media screen and (max-width: 749px) {.multicolumn-list__item {width: calc(80% - var(--grid-mobile-horizontal-spacing) - 3rem); max-width: calc(80% - var(--grid-mobile-horizontal-spacing) \/ 2); }}"],"settings":{"title":"","heading_size":"h1","image_width":"full","image_ratio":"adapt","columns_desktop":5,"column_alignment":"left","background_style":"none","button_label":"","button_link":"","color_scheme":"inverse","columns_mobile":"2","swipe_on_mobile":true,"padding_top":36,"padding_bottom":36,"padding_top_mobile":36,"padding_bottom_mobile":36}},"1bb9161b-0778-4fb4-88e1-88337a135355":{"type":"newsletter","blocks":{"template--16120347820197__1bb9161b-0778-4fb4-88e1-88337a135355-heading-1":{"type":"heading","settings":{"heading":"The Bythlon Club","heading_size":"h1"}},"template--16120347820197__1bb9161b-0778-4fb4-88e1-88337a135355-paragraph-1":{"type":"paragraph","settings":{"text":"<p>Sign up for our monthly newsletter about cycling.<\/p>"}},"template--16120347820197__1bb9161b-0778-4fb4-88e1-88337a135355-email_form-1":{"type":"email_form","settings":{}}},"block_order":["template--16120347820197__1bb9161b-0778-4fb4-88e1-88337a135355-heading-1","template--16120347820197__1bb9161b-0778-4fb4-88e1-88337a135355-paragraph-1","template--16120347820197__1bb9161b-0778-4fb4-88e1-88337a135355-email_form-1"],"settings":{"color_scheme":"background-2","full_width":false,"padding_top":40,"padding_bottom":80,"padding_top_mobile":36,"padding_bottom_mobile":36}}},"order":["banner","product-grid","27d8d107-7061-44cf-a65f-be8bab329f98","1bb9161b-0778-4fb4-88e1-88337a135355"]}