{"sections":{"6ddc927e-069a-4864-9a97-33105d392934":{"type":"animation-banner","disabled":true,"settings":{}},"featured_collection":{"type":"featured-collection","disabled":true,"settings":{"title":"Featured products","heading_size":"h2","description":"","show_description":false,"description_style":"body","collection":"all","products_to_show":8,"columns_desktop":4,"full_width":false,"show_view_all":true,"view_all_style":"solid","enable_desktop_slider":false,"color_scheme":"background-1","image_ratio":"adapt","image_shape":"default","show_secondary_image":true,"show_vendor":false,"show_rating":false,"enable_quick_add":false,"columns_mobile":"2","swipe_on_mobile":false,"padding_top":44,"padding_bottom":36}},"e3d51f89-1104-411b-9126-0518889e47ce":{"type":"image-with-text-animation","blocks":{"template--16120347951269__e3d51f89-1104-411b-9126-0518889e47ce-heading-1":{"type":"heading","settings":{"heading":"BYTHLON IS BULID FOR BETTER CYCLING","heading_size":"h1"}}},"block_order":["template--16120347951269__e3d51f89-1104-411b-9126-0518889e47ce-heading-1"],"disabled":true,"custom_css":["{margin-top: -150rem;}","@media screen and (min-width: 990px) {.image-with-text__text-item.grid__item {width: calc(44% - var(--grid-desktop-horizontal-spacing) \/ 2); } .image-with-text__content {padding: 6rem 13rem 7rem 0; } .image-with-text__heading {font-size: calc(var(--font-heading-scale) * 10rem); line-height: 1; }}","@media screen and (max-width: 750px) {.image-with-text__media-item {order: 1; } .image-with-text {padding-top: 8rem; } .inline-richtext {font-size: calc(var(--font-heading-scale) * 5.4rem); margin-bottom: 5rem; }}"],"settings":{"image":"shopify:\/\/shop_images\/buolt.png","hide_image":true,"height":"adapt","desktop_image_width":"medium","layout":"text_first","use_custom_width":false,"media_grid_width":50,"text_grid_width":50,"desktop_content_position":"top","desktop_content_alignment":"left","content_layout":"no-overlap","color_scheme":"scheme-3519cdaf-3f83-4252-ac2a-a6d14b6cd89c","image_behavior":"none","mobile_content_alignment":"left","padding_top":0,"padding_bottom":0}},"2066cb2b-9321-486a-8901-1ac43ca09a31":{"type":"image-with-text","blocks":{"ff1d5df4-e22e-4cd4-bab8-9199bcdb479a":{"type":"caption","settings":{"caption":"THE WORLD'S FIRST TRULY CLIPLESS CLEAT PEDAL","text_style":"caption-with-letter-spacing","text_size":"medium"}},"a543f8c7-b206-43f8-93e0-30c5a3537768":{"type":"heading","settings":{"heading":"25% MORE POWER NONE OF THE RISK","heading_size":"h0"}},"b82c5e50-9b8f-4610-912e-b1f788c3ed01":{"type":"text","settings":{"text":"<p>Increase your cycling power without having to clip in. Easy in, easy out.<\/p>","text_style":"body"}},"415d7869-537b-43a0-b655-790bb19cdd71":{"type":"button","settings":{"button_svg":"","button_label":"SHOP NOW","button_link":"shopify:\/\/collections\/all","button_style_secondary":false}},"34c135c1-7a40-4351-9e34-91d2a6f4ea7b":{"type":"button","settings":{"button_svg":"<svg width=\"32\" height=\"33\" viewbox=\"0 0 32 33\" fill=\"none\" xmlns=\"http:\/\/www.w3.org\/2000\/svg\">\n<path d=\"M16 3.54077C13.4288 3.54077 10.9154 4.30321 8.77759 5.73167C6.63975 7.16012 4.97351 9.19045 3.98957 11.5659C3.00563 13.9413 2.74819 16.5552 3.2498 19.0769C3.75141 21.5987 4.98953 23.9151 6.80762 25.7332C8.6257 27.5512 10.9421 28.7894 13.4638 29.291C15.9856 29.7926 18.5995 29.5351 20.9749 28.5512C23.3503 27.5673 25.3807 25.901 26.8091 23.7632C28.2376 21.6253 29 19.1119 29 16.5408C28.9957 13.0943 27.6247 9.79017 25.1876 7.35313C22.7506 4.91609 19.4465 3.54507 16 3.54077ZM20.555 17.3733L14.555 21.3733C14.3904 21.4823 14.1974 21.5406 14 21.5408C13.7348 21.5408 13.4804 21.4354 13.2929 21.2479C13.1054 21.0603 13 20.806 13 20.5408V12.5408C12.9999 12.3597 13.0489 12.182 13.1419 12.0266C13.2349 11.8712 13.3684 11.744 13.528 11.6585C13.6877 11.573 13.8675 11.5325 14.0484 11.5413C14.2293 11.5501 14.4044 11.6078 14.555 11.7083L20.555 15.7083C20.6922 15.7996 20.8047 15.9233 20.8825 16.0686C20.9603 16.2138 21.001 16.376 21.001 16.5408C21.001 16.7055 20.9603 16.8677 20.8825 17.013C20.8047 17.1582 20.6922 17.282 20.555 17.3733Z\" fill=\"#121111\"><\/path>\n<\/svg>","button_label":"Intro Video","button_link":"#","button_style_secondary":true}}},"block_order":["ff1d5df4-e22e-4cd4-bab8-9199bcdb479a","a543f8c7-b206-43f8-93e0-30c5a3537768","b82c5e50-9b8f-4610-912e-b1f788c3ed01","415d7869-537b-43a0-b655-790bb19cdd71","34c135c1-7a40-4351-9e34-91d2a6f4ea7b"],"disabled":true,"custom_css":["{position: relative; top: -400rem;}",".image-with-text__text--caption {font-size: 2.2rem;}",".image-with-text__text.rte {font-size: 3.2rem; line-height: 1;}",".button + .button {margin-top: 3rem; margin-left: 1rem;}","@media screen and (min-width: 990px) {.image-with-text__content {flex-direction: initial; flex-wrap: wrap; } .image-with-text__content {padding: 6rem 3rem 7rem 0; } .image-with-text__heading {font-size: calc(var(--font-heading-scale) * 10rem); line-height: 1; }}"],"settings":{"image":"shopify:\/\/shop_images\/buolt.png","hide_image":true,"height":"adapt","desktop_image_width":"medium","layout":"text_first","use_custom_width":false,"media_grid_width":50,"text_grid_width":50,"desktop_content_position":"top","desktop_content_alignment":"left","content_layout":"no-overlap","color_scheme":"scheme-ef4d7fcf-ad35-4a2a-aad3-c98e68553928","image_behavior":"none","mobile_content_alignment":"left","padding_top":0,"padding_bottom":36,"padding_top_mobile":36,"padding_bottom_mobile":36}},"77d1cfc9-3ebb-4f26-a37c-bdeea4d1d087":{"type":"custom-first-banner","settings":{}},"8196ffe0-4c52-4969-a7d2-a81930e14f15":{"type":"double-image-with-text","blocks":{"5b274b56-613a-4085-8e33-d30661f67424":{"type":"image","settings":{"image":"shopify:\/\/shop_images\/red-dot.png"}},"72291241-6f22-4d43-a51a-062479140f05":{"type":"caption","settings":{"caption":"THE WORLD'S FIRST TRULY CLIPLESS CLEAT PEDAL","text_style":"caption-with-letter-spacing","text_size":"medium"}},"template--16120347951269__8196ffe0-4c52-4969-a7d2-a81930e14f15-heading-1":{"type":"heading","settings":{"heading":"25% MORE POWER NONE OF THE RISK","custom_heading":"<span>25%<\/span> MORE POWER NONE OF THE RISK","heading_size":"h1"}},"template--16120347951269__8196ffe0-4c52-4969-a7d2-a81930e14f15-text-1":{"type":"text","settings":{"text":"<p>Increase your cycling power without having to clip in. Easy in, easy out.<\/p>","text_style":"body"}},"template--16120347951269__8196ffe0-4c52-4969-a7d2-a81930e14f15-button-1":{"type":"button","settings":{"button_svg":"","button_label":"SHOP NOW","button_link":"shopify:\/\/collections\/all","button_style_secondary":false}},"8afc4005-795e-4bbd-bfa9-15740c9b46cf":{"type":"button","disabled":true,"settings":{"button_svg":"<svg width=\"32\" height=\"33\" viewbox=\"0 0 32 33\" fill=\"none\" xmlns=\"http:\/\/www.w3.org\/2000\/svg\">\n<path d=\"M16 3.54077C13.4288 3.54077 10.9154 4.30321 8.77759 5.73167C6.63975 7.16012 4.97351 9.19045 3.98957 11.5659C3.00563 13.9413 2.74819 16.5552 3.2498 19.0769C3.75141 21.5987 4.98953 23.9151 6.80762 25.7332C8.6257 27.5512 10.9421 28.7894 13.4638 29.291C15.9856 29.7926 18.5995 29.5351 20.9749 28.5512C23.3503 27.5673 25.3807 25.901 26.8091 23.7632C28.2376 21.6253 29 19.1119 29 16.5408C28.9957 13.0943 27.6247 9.79017 25.1876 7.35313C22.7506 4.91609 19.4465 3.54507 16 3.54077ZM20.555 17.3733L14.555 21.3733C14.3904 21.4823 14.1974 21.5406 14 21.5408C13.7348 21.5408 13.4804 21.4354 13.2929 21.2479C13.1054 21.0603 13 20.806 13 20.5408V12.5408C12.9999 12.3597 13.0489 12.182 13.1419 12.0266C13.2349 11.8712 13.3684 11.744 13.528 11.6585C13.6877 11.573 13.8675 11.5325 14.0484 11.5413C14.2293 11.5501 14.4044 11.6078 14.555 11.7083L20.555 15.7083C20.6922 15.7996 20.8047 15.9233 20.8825 16.0686C20.9603 16.2138 21.001 16.376 21.001 16.5408C21.001 16.7055 20.9603 16.8677 20.8825 17.013C20.8047 17.1582 20.6922 17.282 20.555 17.3733Z\" fill=\"#121111\"><\/path>\n<\/svg>","button_label":"Intro Video","button_link":"","button_style_secondary":true}},"a576744f-c753-491e-bc0d-bd06611f7fed":{"type":"button-popup","settings":{"button_svg":"<svg width=\"32\" height=\"33\" viewbox=\"0 0 32 33\" fill=\"none\" xmlns=\"http:\/\/www.w3.org\/2000\/svg\">\n<path d=\"M16 3.54077C13.4288 3.54077 10.9154 4.30321 8.77759 5.73167C6.63975 7.16012 4.97351 9.19045 3.98957 11.5659C3.00563 13.9413 2.74819 16.5552 3.2498 19.0769C3.75141 21.5987 4.98953 23.9151 6.80762 25.7332C8.6257 27.5512 10.9421 28.7894 13.4638 29.291C15.9856 29.7926 18.5995 29.5351 20.9749 28.5512C23.3503 27.5673 25.3807 25.901 26.8091 23.7632C28.2376 21.6253 29 19.1119 29 16.5408C28.9957 13.0943 27.6247 9.79017 25.1876 7.35313C22.7506 4.91609 19.4465 3.54507 16 3.54077ZM20.555 17.3733L14.555 21.3733C14.3904 21.4823 14.1974 21.5406 14 21.5408C13.7348 21.5408 13.4804 21.4354 13.2929 21.2479C13.1054 21.0603 13 20.806 13 20.5408V12.5408C12.9999 12.3597 13.0489 12.182 13.1419 12.0266C13.2349 11.8712 13.3684 11.744 13.528 11.6585C13.6877 11.573 13.8675 11.5325 14.0484 11.5413C14.2293 11.5501 14.4044 11.6078 14.555 11.7083L20.555 15.7083C20.6922 15.7996 20.8047 15.9233 20.8825 16.0686C20.9603 16.2138 21.001 16.376 21.001 16.5408C21.001 16.7055 20.9603 16.8677 20.8825 17.013C20.8047 17.1582 20.6922 17.282 20.555 17.3733Z\" fill=\"#121111\"><\/path>\n<\/svg>","button_label":"Intro Video","button_style_secondary":true,"popup_video_url":"shopify:\/\/files\/videos\/Bythlon_Hero.mp4","enable_video_looping":false}}},"block_order":["5b274b56-613a-4085-8e33-d30661f67424","72291241-6f22-4d43-a51a-062479140f05","template--16120347951269__8196ffe0-4c52-4969-a7d2-a81930e14f15-heading-1","template--16120347951269__8196ffe0-4c52-4969-a7d2-a81930e14f15-text-1","template--16120347951269__8196ffe0-4c52-4969-a7d2-a81930e14f15-button-1","8afc4005-795e-4bbd-bfa9-15740c9b46cf","a576744f-c753-491e-bc0d-bd06611f7fed"],"custom_css":[".image-with-text__heading span {font-family: \"IBM Plex Mono\", monospace; font-weight: 500;}","@media screen and (min-width: 990px) {.image-with-text__media {max-width: 85%; margin-left: 5%; margin-top: 36rem; } .image-with-text__content {padding: 6rem 1rem 7rem 0; } .image-with-text__content {flex-direction: initial; flex-wrap: wrap; height: auto; } .image-with-text__media + .image-with-text__media {max-width: 86%; padding-bottom: 26% !important; margin-left: -1%; }}"],"settings":{"image":"shopify:\/\/shop_images\/black-padal-tilted_1.png","image1":"shopify:\/\/shop_images\/paddle-head.png","hide_second_image":true,"hide_images_mobile":true,"height":"adapt","desktop_image_width":"medium","layout":"text_first","use_custom_width":false,"media_grid_width":50,"text_grid_width":50,"desktop_content_position":"top","desktop_content_alignment":"left","content_layout":"no-overlap","color_scheme":"","image_behavior":"none","mobile_content_alignment":"left","padding_top":0,"padding_bottom":0,"padding_top_mobile":80,"padding_bottom_mobile":80}},"587ebb64-28de-441d-b9a0-e6e2a3d81ede":{"type":"double-image-with-text","blocks":{"template--16120347951269__587ebb64-28de-441d-b9a0-e6e2a3d81ede-heading-1":{"type":"heading","settings":{"heading":"BYTHLON IS BULID FOR BETTER CYCLING","custom_heading":"","heading_size":"h0"}},"e09adbe4-9877-4f31-867e-8835a5b8b08c":{"type":"first-image-tooltip","settings":{"tooltip_text":"Guided  Entry Level","tooltip_position_x":76,"tooltip_position_y":84}},"c6286b92-4675-4985-892d-22f00037fa2a":{"type":"first-image-tooltip","settings":{"tooltip_text":"Lightwieght ultra-strong glass fiber compound.","tooltip_position_x":46,"tooltip_position_y":62}},"3a13759c-8331-44d2-bc2a-1d71c7e01e70":{"type":"first-image-tooltip","settings":{"tooltip_text":"Dual-access pedals","tooltip_position_x":20,"tooltip_position_y":88}},"80cf783c-e50c-4699-a2ed-be3d6bbc8e66":{"type":"second-image-tooltip","settings":{"tooltip_text":"Anti-slip tip surface","tooltip_position_x":80,"tooltip_position_y":42}},"b5ec8af8-d13b-4208-a8b8-44ab8e3594e6":{"type":"second-image-tooltip","settings":{"tooltip_text":"Designed in Germany, made in Taiwan","tooltip_position_x":22,"tooltip_position_y":22}},"4864c502-33f1-4dc1-94c3-01bd37aecf84":{"type":"second-image-tooltip","settings":{"tooltip_text":"Easy Allen key assembly","tooltip_position_x":52,"tooltip_position_y":70}}},"block_order":["template--16120347951269__587ebb64-28de-441d-b9a0-e6e2a3d81ede-heading-1","e09adbe4-9877-4f31-867e-8835a5b8b08c","c6286b92-4675-4985-892d-22f00037fa2a","3a13759c-8331-44d2-bc2a-1d71c7e01e70","80cf783c-e50c-4699-a2ed-be3d6bbc8e66","b5ec8af8-d13b-4208-a8b8-44ab8e3594e6","4864c502-33f1-4dc1-94c3-01bd37aecf84"],"custom_css":["@media screen and (min-width: 750px) {.image-with-text__content {padding: 12rem 11rem 7rem 0; } .image-with-text__media {margin-top: -34.6%; max-width: 100%; padding-bottom: 98% !important; overflow: visible !important; margin-left: -11%; } .image-with-text__media + .image-with-text__media {margin-top: 3rem; padding-bottom: 64% !important; }}","@media screen and (max-width: 1240px) and (min-width: 750px) {.image-with-text__content {padding: 9rem 7rem 7rem 0; }}"],"settings":{"image":"shopify:\/\/shop_images\/Bythlon_-01.png","image_mobile":"shopify:\/\/shop_images\/pedla_3.png","image1":"shopify:\/\/shop_images\/asset.png","hide_second_image":false,"hide_images_mobile":false,"height":"adapt","desktop_image_width":"medium","layout":"text_first","use_custom_width":true,"media_grid_width":50,"text_grid_width":50,"desktop_content_position":"top","desktop_content_alignment":"left","content_layout":"no-overlap","color_scheme":"accent-2","image_behavior":"none","mobile_content_alignment":"left","padding_top":0,"padding_bottom":100,"padding_top_mobile":80,"padding_bottom_mobile":36}},"94207e15-9fe0-4330-a500-01d2346b20fe":{"type":"image-with-text","blocks":{"template--16120347951269__94207e15-9fe0-4330-a500-01d2346b20fe-heading-1":{"type":"heading","settings":{"heading":"BYTHLON IS BULID FOR BETTER CYCLING","heading_size":"h0"}}},"block_order":["template--16120347951269__94207e15-9fe0-4330-a500-01d2346b20fe-heading-1"],"disabled":true,"custom_css":[".media > img {object-fit: contain; object-position: top center;}",".image-with-text__media-item {overflow: hidden;}","@media screen and (min-width: 990px) {.image-with-text__media {max-width: 65%; margin: 0 auto; padding-bottom: 83% !important; margin-top: -12.5vw; } .image-with-text__media-item .image-with-text__media + .image-with-text__media {margin-top: 0; }}","@media screen and (max-width: 750px) {.image-with-text {padding-top: 8rem; }}"],"settings":{"image":"shopify:\/\/shop_images\/pedal-vetical.png","hide_image":false,"height":"adapt","desktop_image_width":"medium","layout":"text_first","use_custom_width":false,"media_grid_width":50,"text_grid_width":50,"desktop_content_position":"top","desktop_content_alignment":"left","content_layout":"no-overlap","color_scheme":"accent-2","image_behavior":"none","mobile_content_alignment":"left","padding_top":0,"padding_bottom":100,"padding_top_mobile":60,"padding_bottom_mobile":38}},"403107c2-a526-4351-841c-d609e5ba7dd9":{"type":"custom-marquee-section","settings":{"color_scheme":"accent-2","padding_top":24,"padding_bottom":24,"padding_top_mobile":24,"padding_bottom_mobile":48}},"ccf0c432-8989-4d91-998a-f0368a17ec32":{"type":"detail-carousel","blocks":{"1655af06-3be1-4a56-833f-89fadeed3b35":{"type":"slide","settings":{"image":"shopify:\/\/shop_images\/stepper-blur-1.png","heading":"1","content":"Clipless pedals are often thought to evenly distribute power and promote a smooth, circular stroke due to being attached to the bike. In other words, many think they generate meaningful power in the upstroke."}},"0e413977-b0bb-475c-a582-83bbba99de97":{"type":"slide","settings":{"image":"shopify:\/\/shop_images\/stepper-blur-2.png","heading":"2","content":"In reality, our legs naturally optimize your pedal stroke by your using your most powerful, efficient muscles to generate power. Your power output is skewed, and that’s for the better. How skewed? the downstroke is 97% of your power."}},"fb6f807c-ea37-42c9-84cb-539e4eeacbe9":{"type":"slide","settings":{"image":"shopify:\/\/shop_images\/stepper_4.png","heading":"3","content":"We don’t use clipless to pull up! Instead, we use it because of the efficiency generated through a rigid connection to the pedal, the stability it provides, and comfort it offers."}},"41a76a8e-1ec4-4d8c-93c8-f7b2146b3298":{"type":"slide","settings":{"image":"shopify:\/\/shop_images\/MicrosoftTeams-image_73.png","heading":"4","content":"Clipless pedals may not be suitable for everyone due to the increased risk of injuries and potential intimidation for new cyclists. Four out of five cyclists have crashed because of clipless pedals."}},"35eb7a95-48e4-4c9b-b988-8a9eabbffe39":{"type":"slide","settings":{"image":"shopify:\/\/shop_images\/stepper_2.png","heading":"5","content":"Bythlon retains the best parts of clipless and eliminates what it doesn’t need."}}},"block_order":["1655af06-3be1-4a56-833f-89fadeed3b35","0e413977-b0bb-475c-a582-83bbba99de97","fb6f807c-ea37-42c9-84cb-539e4eeacbe9","41a76a8e-1ec4-4d8c-93c8-f7b2146b3298","35eb7a95-48e4-4c9b-b988-8a9eabbffe39"],"settings":{"heading":"WHAT\nMAKES\nBYTHLON\nBETTER?"}},"fed7e0b5-55d1-44d9-b87e-4e360d439c8b":{"type":"featured-product","blocks":{"template--16120347951269__fed7e0b5-55d1-44d9-b87e-4e360d439c8b-text-1":{"type":"text","disabled":true,"settings":{"text":"{{ section.settings.product.vendor }}","text_style":"uppercase","unique_class":""}},"template--16120347951269__fed7e0b5-55d1-44d9-b87e-4e360d439c8b-title-1":{"type":"title","settings":{"heading_size":"h1"}},"template--16120347951269__fed7e0b5-55d1-44d9-b87e-4e360d439c8b-price-1":{"type":"price","settings":{}},"7ceafbd0-bdce-4c8a-b8d7-43735d65824b":{"type":"text","settings":{"text":"The patented Bythlon cleat pedal does not lock you in. Simply step in and step out of your pedals, without being fixed to your bike.","text_style":"body","unique_class":"short-description"}},"2c7f3ff8-afbb-400a-8e5e-87fceff0c356":{"type":"text","settings":{"text":"Free shipping and returns","text_style":"body","unique_class":""}},"template--16120347951269__fed7e0b5-55d1-44d9-b87e-4e360d439c8b-variant_picker-1":{"type":"variant_picker","settings":{"picker_type":"button"}},"template--16120347951269__fed7e0b5-55d1-44d9-b87e-4e360d439c8b-quantity_selector-1":{"type":"quantity_selector","disabled":true,"settings":{}},"template--16120347951269__fed7e0b5-55d1-44d9-b87e-4e360d439c8b-buy_buttons-1":{"type":"buy_buttons","settings":{"show_dynamic_checkout":true,"show_gift_card_recipient":true}}},"block_order":["template--16120347951269__fed7e0b5-55d1-44d9-b87e-4e360d439c8b-text-1","template--16120347951269__fed7e0b5-55d1-44d9-b87e-4e360d439c8b-title-1","template--16120347951269__fed7e0b5-55d1-44d9-b87e-4e360d439c8b-price-1","7ceafbd0-bdce-4c8a-b8d7-43735d65824b","2c7f3ff8-afbb-400a-8e5e-87fceff0c356","template--16120347951269__fed7e0b5-55d1-44d9-b87e-4e360d439c8b-variant_picker-1","template--16120347951269__fed7e0b5-55d1-44d9-b87e-4e360d439c8b-quantity_selector-1","template--16120347951269__fed7e0b5-55d1-44d9-b87e-4e360d439c8b-buy_buttons-1"],"custom_css":[".product__title {font-weight: 400;}",".product__text.inline-richtext.short-description {color: #000;}"],"settings":{"product":"bythlon-pedal-system","color_scheme":"accent-2","secondary_background":false,"media_size":"medium","constrain_to_viewport":true,"media_fit":"contain","media_position":"left","image_zoom":"none","hide_variants":false,"enable_video_looping":false,"gallery_layout":"thumbnail_slider","mobile_thumbnails":"show","padding_top":100,"padding_bottom":40,"padding_top_mobile":80,"padding_bottom_mobile":20}},"62f2f2de-c8e4-4d3c-ac87-8cff28bb4ce1":{"type":"multicolumn","blocks":{"template--16120347951269__62f2f2de-c8e4-4d3c-ac87-8cff28bb4ce1-column-1":{"type":"column","settings":{"image":"shopify:\/\/shop_images\/Frame_2.png","title":"","text":"","link_label":"","link":"","unique_class":""}},"template--16120347951269__62f2f2de-c8e4-4d3c-ac87-8cff28bb4ce1-column-2":{"type":"column","settings":{"image":"shopify:\/\/shop_images\/Frame_3.png","title":"","text":"","link_label":"","link":"","unique_class":""}},"template--16120347951269__62f2f2de-c8e4-4d3c-ac87-8cff28bb4ce1-column-3":{"type":"column","settings":{"image":"shopify:\/\/shop_images\/Frame_4_1.png","title":"","text":"","link_label":"","link":"","unique_class":""}}},"block_order":["template--16120347951269__62f2f2de-c8e4-4d3c-ac87-8cff28bb4ce1-column-1","template--16120347951269__62f2f2de-c8e4-4d3c-ac87-8cff28bb4ce1-column-2","template--16120347951269__62f2f2de-c8e4-4d3c-ac87-8cff28bb4ce1-column-3"],"custom_css":[".multicolumn-card-spacing {padding-top: 0; margin-left: 0; margin-right: 0;}",".multicolumn-list {--grid-desktop-horizontal-spacing: 4.8rem;}","@media screen and (max-width: 749px) {.multicolumn-card-spacing {padding-top: 0; } .multicolumn-list {--grid-desktop-horizontal-spacing: 3rem; } .slider--mobile.grid--peek.grid--1-col-tablet-down .grid__item {width: calc(100% - var(--grid-mobile-horizontal-spacing) - 9.4rem); }}"],"settings":{"title":"","heading_size":"h1","image_width":"full","image_ratio":"adapt","columns_desktop":3,"column_alignment":"left","background_style":"primary","button_label":"","button_link":"","color_scheme":"accent-2","columns_mobile":"1","swipe_on_mobile":true,"padding_top":80,"padding_bottom":72,"padding_top_mobile":36,"padding_bottom_mobile":36}},"2af327fe-a099-4862-a76e-889217551b36":{"type":"multicolumn","blocks":{"template--16120347951269__2af327fe-a099-4862-a76e-889217551b36-column-1":{"type":"column","settings":{"image":"shopify:\/\/shop_images\/Vector_17.png","title":"","text":"","link_label":"","link":"","unique_class":""}},"408503a8-353b-451c-b56b-b7d5df522996":{"type":"column","settings":{"image":"shopify:\/\/shop_images\/Page-1.png","title":"","text":"","link_label":"","link":"","unique_class":"cycling-logo"}},"6b602928-c06f-472a-928a-ebd00db44ce3":{"type":"column","settings":{"image":"shopify:\/\/shop_images\/Vector_18.png","title":"","text":"","link_label":"","link":"","unique_class":""}},"b80350ea-7bf8-42b7-8c8a-bd43e147fd33":{"type":"column","settings":{"image":"shopify:\/\/shop_images\/CN-logos-lower-case.png","title":"","text":"","link_label":"","link":"","unique_class":""}},"880a3210-cdcb-467e-8e2c-765b0441287e":{"type":"column","settings":{"image":"shopify:\/\/shop_images\/stw-text.png","title":"","text":"","link_label":"","link":"","unique_class":""}}},"block_order":["template--16120347951269__2af327fe-a099-4862-a76e-889217551b36-column-1","408503a8-353b-451c-b56b-b7d5df522996","6b602928-c06f-472a-928a-ebd00db44ce3","b80350ea-7bf8-42b7-8c8a-bd43e147fd33","880a3210-cdcb-467e-8e2c-765b0441287e"],"custom_css":[".multicolumn-list {align-items: center;}",".multicolumn-card__info {padding: 0;}",".slider-buttons {display: none;}",".cycling-logo .media {padding-bottom: 24.845878% !important;}","@media screen and (min-width: 749px) {.background-none .multicolumn-card__image-wrapper {margin-left: 3.5rem; margin-right: 3.5rem; }}","@media screen and (max-width: 749px) {.multicolumn-list__item {width: calc(73% - var(--grid-mobile-horizontal-spacing) - 3rem); max-width: calc(73% - var(--grid-mobile-horizontal-spacing) \/ 2); }}"],"settings":{"title":"","heading_size":"h1","image_width":"full","image_ratio":"adapt","columns_desktop":5,"column_alignment":"left","background_style":"none","button_label":"","button_link":"","color_scheme":"inverse","columns_mobile":"2","swipe_on_mobile":true,"padding_top":36,"padding_bottom":36,"padding_top_mobile":36,"padding_bottom_mobile":36}},"9f122e16-bdc0-4c9f-bc24-92734286860f":{"type":"multicolumn","blocks":{"template--16120347951269__9f122e16-bdc0-4c9f-bc24-92734286860f-column-1":{"type":"column","settings":{"title":"Column","text":"<p>Pair text with an image to focus on your chosen product, collection, or blog post. Add details on availability, style, or even provide a review.<\/p>","link_label":"","link":"","unique_class":""}},"template--16120347951269__9f122e16-bdc0-4c9f-bc24-92734286860f-column-2":{"type":"column","settings":{"title":"Column","text":"<p>Pair text with an image to focus on your chosen product, collection, or blog post. Add details on availability, style, or even provide a review.<\/p>","link_label":"","link":"","unique_class":""}},"template--16120347951269__9f122e16-bdc0-4c9f-bc24-92734286860f-column-3":{"type":"column","settings":{"title":"Column","text":"<p>Pair text with an image to focus on your chosen product, collection, or blog post. Add details on availability, style, or even provide a review.<\/p>","link_label":"","link":"","unique_class":""}},"5f24973a-dae1-4dec-9d55-e94fc52a32aa":{"type":"column","settings":{"title":"Column","text":"<p>Pair text with an image to focus on your chosen product, collection, or blog post. Add details on availability, style, or even provide a review.<\/p>","link_label":"","link":"","unique_class":""}},"e6f0d7ac-b81a-4839-b7a8-5935d2e13ec6":{"type":"column","settings":{"title":"Column","text":"<p>Pair text with an image to focus on your chosen product, collection, or blog post. Add details on availability, style, or even provide a review.<\/p>","link_label":"","link":"","unique_class":""}}},"block_order":["template--16120347951269__9f122e16-bdc0-4c9f-bc24-92734286860f-column-1","template--16120347951269__9f122e16-bdc0-4c9f-bc24-92734286860f-column-2","template--16120347951269__9f122e16-bdc0-4c9f-bc24-92734286860f-column-3","5f24973a-dae1-4dec-9d55-e94fc52a32aa","e6f0d7ac-b81a-4839-b7a8-5935d2e13ec6"],"disabled":true,"settings":{"title":"REVIEWS","heading_size":"h1","image_width":"full","image_ratio":"adapt","columns_desktop":4,"column_alignment":"left","background_style":"primary","button_label":"","button_link":"","color_scheme":"","columns_mobile":"1","swipe_on_mobile":true,"padding_top":36,"padding_bottom":36,"padding_top_mobile":36,"padding_bottom_mobile":36}},"bd458c43-320e-45ef-bbb3-4ea6477ba801":{"type":"custom-reviews","blocks":{"e5855d07-8d02-416e-967c-6d930195d0ad":{"type":"review","settings":{"image_desktop":"shopify:\/\/shop_images\/cyclist-review.png","image":"shopify:\/\/shop_images\/rider.png","heading":"Donna <br> Picerno","content":"My first Ironman. I had an issue in the past with clipping in giving me anxiety. Now that I have these pedals that has gone away. Thanks for making these !"}},"a5f1146d-cd97-4cac-b8ca-ec453e2edc84":{"type":"review","settings":{"image_desktop":"shopify:\/\/shop_images\/1-Screenshot_2023-01-13_193318gs.png","image":"shopify:\/\/shop_images\/1-Screenshot_2023-01-13_1gd93318gs.png","heading":"Hugh <br> Mc Kay","content":"After having a nasty accident because of being “clipped in“ I changed over to Bythlon. I still feel clipped in, but I have the peace of mind, that I can release instantly."}},"b1727a9a-4ef1-4793-8683-532aeba097a8":{"type":"review","settings":{"image_desktop":"shopify:\/\/shop_images\/8d7badd8fc1e7dcc07242be53ca9556f_1.png","image":"shopify:\/\/shop_images\/8d7badd8fc1e7dcc07242be53ca9556f_1d.png","heading":"Jo <br> Cornwell","content":"This pedal system WILL improve your cycling experience. you don’t need to do any yoga movements to “unclip” you do what’s most natural to you, which is simply to lift your foot up, It’s as simple as that."}},"b7dfdf9d-1a86-48cb-a36c-ae61715ec37a":{"type":"review","settings":{"image_desktop":"shopify:\/\/shop_images\/d3aefd99d544aa399b9b2eea3f954c2d_1.jpg","image":"shopify:\/\/shop_images\/d3aefd99d544aa399b9b2eea3fg954c2d_1.jpg","heading":"Lynda <br> Davis","content":"This pedal system WILL improve your cycling experience. you don’t need to do any yoga movements to “unclip” you do what’s most natural to you, which is simply to lift your foot up, It’s as simple as that."}}},"block_order":["e5855d07-8d02-416e-967c-6d930195d0ad","a5f1146d-cd97-4cac-b8ca-ec453e2edc84","b1727a9a-4ef1-4793-8683-532aeba097a8","b7dfdf9d-1a86-48cb-a36c-ae61715ec37a"],"settings":{"heading":"REVIEWS","content":"1000+ 5 start Reviews"}},"c4fa7909-1596-4a50-900b-44c1f0c85bc5":{"type":"newsletter","blocks":{"template--16120347951269__c4fa7909-1596-4a50-900b-44c1f0c85bc5-heading-1":{"type":"heading","settings":{"heading":"The Bythlon Club","heading_size":"h1"}},"template--16120347951269__c4fa7909-1596-4a50-900b-44c1f0c85bc5-paragraph-1":{"type":"paragraph","settings":{"text":"<p>Sign up for our monthly newsletter about cycling.<\/p>"}},"template--16120347951269__c4fa7909-1596-4a50-900b-44c1f0c85bc5-email_form-1":{"type":"email_form","settings":{}}},"block_order":["template--16120347951269__c4fa7909-1596-4a50-900b-44c1f0c85bc5-heading-1","template--16120347951269__c4fa7909-1596-4a50-900b-44c1f0c85bc5-paragraph-1","template--16120347951269__c4fa7909-1596-4a50-900b-44c1f0c85bc5-email_form-1"],"custom_css":[".inline-richtext {font-weight: 400;}"],"settings":{"color_scheme":"background-2","full_width":false,"padding_top":84,"padding_bottom":84,"padding_top_mobile":40,"padding_bottom_mobile":40}},"aa239e92-010d-4546-901e-0b5fba8a6711":{"type":"collapsible-content","blocks":{"template--16120347951269__aa239e92-010d-4546-901e-0b5fba8a6711-collapsible_row-1":{"type":"collapsible_row","settings":{"heading":"How does the Bythlon system work? Is it magnetic?","icon":"none","row_content":"<p> No, the Bythlon system is not magnetic. It uses a form-fitting connection to keep the cleat plate engaged with the pedal. The system never locks you in vertically, allowing you to step out anytime<\/p>","page":""}},"72b35aab-ce13-430a-9381-cbfadeffe62b":{"type":"collapsible_row","settings":{"heading":"Can I maximize my pedal power with the Bythlon pedal?","icon":"none","row_content":"<p> No, the Bythlon system is not magnetic. It uses a form-fitting connection to keep the cleat plate engaged with the pedal. The system never locks you in vertically, allowing you to step out anytime<\/p>","page":""}},"ee3f9d4b-a88c-4fbe-a9b3-2708895daeb5":{"type":"collapsible_row","settings":{"heading":"What tools do I need to mount the cleats and pedals?","icon":"none","row_content":"<p> No, the Bythlon system is not magnetic. It uses a form-fitting connection to keep the cleat plate engaged with the pedal. The system never locks you in vertically, allowing you to step out anytime<\/p>","page":""}},"ec50ec9f-b8ed-4805-ae6c-193c2f603662":{"type":"collapsible_row","settings":{"heading":"What are the weight and size of the Bythlon pedal and cleat?","icon":"none","row_content":"<p> No, the Bythlon system is not magnetic. It uses a form-fitting connection to keep the cleat plate engaged with the pedal. The system never locks you in vertically, allowing you to step out anytime<\/p>","page":""}},"fa60e1a9-c78e-4235-beed-a8541d410e72":{"type":"collapsible_row","settings":{"heading":"What materials are used in the Bythlon pedal system?","icon":"none","row_content":"<p> No, the Bythlon system is not magnetic. It uses a form-fitting connection to keep the cleat plate engaged with the pedal. The system never locks you in vertically, allowing you to step out anytime<\/p>","page":""}},"959941b8-1d73-448d-a74c-984908c33a25":{"type":"collapsible_row","settings":{"heading":"Is the Bythlon pedal system compatible with systems from Shimano, Look, or KEO?","icon":"none","row_content":"<p> No, the Bythlon system is not magnetic. It uses a form-fitting connection to keep the cleat plate engaged with the pedal. The system never locks you in vertically, allowing you to step out anytime<\/p>","page":""}},"78957f88-04f1-4c41-9773-abbd4bf18225":{"type":"collapsible_row","settings":{"heading":"What type of bike shoe should I get to use with the Bythlon pedal?","icon":"none","row_content":"<p> No, the Bythlon system is not magnetic. It uses a form-fitting connection to keep the cleat plate engaged with the pedal. The system never locks you in vertically, allowing you to step out anytime<\/p>","page":""}},"bf4af34b-ef19-4a9f-a663-30d37102ab72":{"type":"collapsible_row","settings":{"heading":"Can I use my Shimano, Look, or KEO-compatible brand cycling shoes with the Bythlon system?","icon":"none","row_content":"<p> No, the Bythlon system is not magnetic. It uses a form-fitting connection to keep the cleat plate engaged with the pedal. The system never locks you in vertically, allowing you to step out anytime<\/p>","page":""}},"bcb8a08b-956e-4b22-85fb-c162381b601f":{"type":"collapsible_row","settings":{"heading":"Where is the Bythlon pedal made?","icon":"none","row_content":"<p> No, the Bythlon system is not magnetic. It uses a form-fitting connection to keep the cleat plate engaged with the pedal. The system never locks you in vertically, allowing you to step out anytime<\/p>","page":""}}},"block_order":["template--16120347951269__aa239e92-010d-4546-901e-0b5fba8a6711-collapsible_row-1","72b35aab-ce13-430a-9381-cbfadeffe62b","ee3f9d4b-a88c-4fbe-a9b3-2708895daeb5","ec50ec9f-b8ed-4805-ae6c-193c2f603662","fa60e1a9-c78e-4235-beed-a8541d410e72","959941b8-1d73-448d-a74c-984908c33a25","78957f88-04f1-4c41-9773-abbd4bf18225","bf4af34b-ef19-4a9f-a663-30d37102ab72","bcb8a08b-956e-4b22-85fb-c162381b601f"],"custom_css":[".inline-richtext:not(p) {text-transform: none; font-weight: 400;}"],"settings":{"caption":"","heading":"faq","heading_size":"h1","heading_alignment":"center","layout":"row","color_scheme":"accent-1","container_color_scheme":"accent-1","open_first_collapsible_row":true,"image_ratio":"adapt","desktop_layout":"image_second","padding_top":84,"padding_bottom":76}}},"order":["6ddc927e-069a-4864-9a97-33105d392934","featured_collection","e3d51f89-1104-411b-9126-0518889e47ce","2066cb2b-9321-486a-8901-1ac43ca09a31","77d1cfc9-3ebb-4f26-a37c-bdeea4d1d087","8196ffe0-4c52-4969-a7d2-a81930e14f15","587ebb64-28de-441d-b9a0-e6e2a3d81ede","94207e15-9fe0-4330-a500-01d2346b20fe","403107c2-a526-4351-841c-d609e5ba7dd9","ccf0c432-8989-4d91-998a-f0368a17ec32","fed7e0b5-55d1-44d9-b87e-4e360d439c8b","62f2f2de-c8e4-4d3c-ac87-8cff28bb4ce1","2af327fe-a099-4862-a76e-889217551b36","9f122e16-bdc0-4c9f-bc24-92734286860f","bd458c43-320e-45ef-bbb3-4ea6477ba801","c4fa7909-1596-4a50-900b-44c1f0c85bc5","aa239e92-010d-4546-901e-0b5fba8a6711"]}