{"sections":{"main":{"type":"main-product","blocks":{"d2f42da8-ca97-43d5-9ebd-6e5af21b3afe":{"type":"back_button","settings":{}},"share":{"type":"share","settings":{"share_label":"Share"}},"vendor":{"type":"text","disabled":true,"settings":{"text":"{{ product.vendor }}","text_style":"uppercase"}},"title":{"type":"title","settings":{}},"description":{"type":"description","settings":{}},"price":{"type":"price","settings":{}},"e97428e4-9a0b-4257-9da3-2dd6390417cb":{"type":"text","settings":{"text":"FREE US SHIPPINGS AND RETURNS","text_style":"body"}},"variant_picker":{"type":"variant_picker","settings":{"picker_type":"button"}},"quantity_selector":{"type":"quantity_selector","disabled":true,"settings":{}},"buy_buttons":{"type":"buy_buttons","settings":{"show_dynamic_checkout":true,"show_gift_card_recipient":true}},"461ae811-63e1-42f5-88a2-73277d705e3f":{"type":"collapsible_tab","settings":{"heading":"Shipping information","icon":"none","content":"","page":""}},"6de29c9a-bddb-4f85-b842-39afaadedcf5":{"type":"collapsible_tab","disabled":true,"settings":{"heading":"Ask a question","icon":"none","content":"","page":""}},"e7742150-5bea-4aef-959d-fb12cfe20b49":{"type":"collapsible_contact","settings":{"heading":"Ask a question","hide_phone_input":true,"icon":"none","content":""}}},"block_order":["d2f42da8-ca97-43d5-9ebd-6e5af21b3afe","share","vendor","title","description","price","e97428e4-9a0b-4257-9da3-2dd6390417cb","variant_picker","quantity_selector","buy_buttons","461ae811-63e1-42f5-88a2-73277d705e3f","6de29c9a-bddb-4f85-b842-39afaadedcf5","e7742150-5bea-4aef-959d-fb12cfe20b49"],"custom_css":[".product__title h1,.price__container,.product__text {color: #fc481d;}",".price__container * {color: inherit !important;}",".product__info-container .share-button {position: absolute; right: -1.5rem; top: 0rem;}",".product--stacked .product__media-item {max-width: calc(100% - var(--grid-desktop-horizontal-spacing) \/ 2); width: calc(100% - var(--grid-desktop-horizontal-spacing) \/ 2);}","@media screen and (min-width: 749px) {.product__info-container .share-button {top: 4rem; right: -3.5rem; } .product__media-wrapper {border-left: 1px solid #fc481d; }}"],"settings":{"enable_sticky_info":true,"media_size":"medium","constrain_to_viewport":true,"media_fit":"contain","gallery_layout":"stacked","media_position":"right","image_zoom":"none","mobile_thumbnails":"hide","hide_variants":true,"enable_video_looping":false,"padding_top":100,"padding_bottom":0,"padding_top_mobile":0,"padding_bottom_mobile":0}},"related-products":{"type":"related-products","disabled":true,"settings":{"heading":"You may also like","heading_size":"h2","products_to_show":3,"columns_desktop":3,"color_scheme":"background-1","image_ratio":"square","image_shape":"default","show_secondary_image":true,"show_vendor":false,"show_rating":false,"columns_mobile":"2","padding_top":36,"padding_bottom":28}},"8f62178a-2eed-46f3-ac15-913d8a61d2a5":{"type":"newsletter","blocks":{"template--16120348016805__8f62178a-2eed-46f3-ac15-913d8a61d2a5-heading-1":{"type":"heading","settings":{"heading":"The Bythlon Club","heading_size":"h1"}},"template--16120348016805__8f62178a-2eed-46f3-ac15-913d8a61d2a5-paragraph-1":{"type":"paragraph","settings":{"text":"<p>Sign up for our monthly newsletter about cycling.<\/p>"}},"template--16120348016805__8f62178a-2eed-46f3-ac15-913d8a61d2a5-email_form-1":{"type":"email_form","settings":{}}},"block_order":["template--16120348016805__8f62178a-2eed-46f3-ac15-913d8a61d2a5-heading-1","template--16120348016805__8f62178a-2eed-46f3-ac15-913d8a61d2a5-paragraph-1","template--16120348016805__8f62178a-2eed-46f3-ac15-913d8a61d2a5-email_form-1"],"settings":{"color_scheme":"background-2","full_width":false,"padding_top":40,"padding_bottom":52,"padding_top_mobile":36,"padding_bottom_mobile":36}}},"order":["main","related-products","8f62178a-2eed-46f3-ac15-913d8a61d2a5"]}